slug,show_name,publisher,niche,niche_name,genre,episode_count,cadence,last_episode_at,active,publishes_guest_evidence,network_run,dormant,openness_score,feed_checked_at,apple_url
how-to-be-awesome-at-your-job-548091,How to Be Awesome at Your Job,How to be Awesome at Your Job,careers,Careers,Careers,1188,a few times a week,2026-07-16,true,true,false,false,100,2026-07-16,https://podcasts.apple.com/us/podcast/how-to-be-awesome-at-your-job/id1106548091
the-twenty-minute-vc-20vc-venture-capital-startup-funding-th-230465,The Twenty Minute VC (20VC): Venture Capital | Startup Funding | The Pitch,Harry Stebbings,startups,Startups,Investing,1476,a few times a week,2026-07-13,true,true,false,false,94,2026-07-16,https://podcasts.apple.com/us/podcast/the-twenty-minute-vc-20vc-venture-capital-startup/id958230465
ologies-with-alie-ward-815517,Ologies with Alie Ward,Alie Ward,science,Science,Science,518,weekly,2026-07-15,true,true,false,false,88,2026-07-16,https://podcasts.apple.com/us/podcast/ologies-with-alie-ward/id1278815517
startalk-radio-404506,StarTalk Radio,Neil deGrasse Tyson,science,Science,Science,1116,a few times a week,2026-07-14,true,true,false,false,88,2026-07-16,https://podcasts.apple.com/us/podcast/startalk-radio/id325404506
the-marketing-millennials-434899,The Marketing Millennials,Daniel Murray,marketing,Marketing,Marketing,717,a few times a week,2026-07-15,true,true,false,false,88,2026-07-16,https://podcasts.apple.com/us/podcast/the-marketing-millennials/id1527434899
the-midlife-makeover-show-women-over-40-menopause-support-di-342417,"The Midlife Makeover Show | Women Over 40, Menopause Support, Divorce Recovery, Empty Nest Advice, Aging Gracefully, Finding","Wendy Valentine - Podcaster, Author & Midlife Coach",self-improvement,Self-Improvement,Self-Improvement,339,weekly,2026-07-14,true,true,false,false,88,2026-07-16,https://podcasts.apple.com/us/podcast/the-midlife-makeover-show-women-over-40-menopause/id1609342417
financial-feminist-054936,Financial Feminist,Her First $100K,business,Business,Business,331,weekly,2026-07-14,true,true,false,false,86,2026-07-16,https://podcasts.apple.com/us/podcast/financial-feminist/id1566054936
entrepreneurs-on-fire-001633,Entrepreneurs on Fire,John Lee Dumas of EOFire,entrepreneurship,Entrepreneurship,Careers,2000,most weekdays,2026-07-15,true,true,false,false,84,2026-07-16,https://podcasts.apple.com/us/podcast/entrepreneurs-on-fire/id564001633
hacking-your-adhd-135244,Hacking Your ADHD,William Curb,mental-health,Mental Health,Mental Health,371,a few times a week,2026-07-13,true,true,false,false,84,2026-07-16,https://podcasts.apple.com/us/podcast/hacking-your-adhd/id1481135244
find-your-dream-job-insider-tips-for-finding-work-advancing--320599,"Find Your Dream Job: Insider Tips for Finding Work, Advancing your Career, and Loving Your Job",Mac Prichard,careers,Careers,Careers,682,weekly,2026-07-15,true,true,false,false,82,2026-07-16,https://podcasts.apple.com/us/podcast/find-your-dream-job-insider-tips-for-finding-work-advancing/id1047320599
i-love-marketing-684163,I Love Marketing,Joe Polish and Dean Jackson,marketing,Marketing,Marketing,501,monthly,2026-07-10,true,true,false,false,79,2026-07-16,https://podcasts.apple.com/us/podcast/i-love-marketing/id412684163
investing-in-startups-839935,Investing in Startups,Joe Magyer,startups,Startups,Technology,58,a couple of times a month,2026-06-26,true,true,false,false,78,2026-07-16,https://podcasts.apple.com/us/podcast/investing-in-startups/id1743839935
law-of-attraction-secrets-114283,Law of Attraction SECRETS,Natasha Graziano,self-improvement,Self-Improvement,Self-Improvement,414,a few times a week,2026-07-14,true,true,false,false,78,2026-07-16,https://podcasts.apple.com/us/podcast/law-of-attraction-secrets/id1581114283
the-entrepreneur-dna-959859,The Entrepreneur DNA,"Justin Colby, Bleav",entrepreneurship,Entrepreneurship,Entrepreneurship,130,a few times a week,2026-07-15,true,false,false,false,78,2026-07-16,https://podcasts.apple.com/us/podcast/the-entrepreneur-dna/id1723959859
well-beyond-40-502027,Well Beyond 40,JJ Virgin,health-and-fitness,Health & Fitness,Fitness,1331,a few times a week,2026-07-15,true,true,false,false,78,2026-07-16,https://podcasts.apple.com/us/podcast/well-beyond-40/id911502027
mayim-bialiks-breakdown-456269,Mayim Bialik's Breakdown,Mayim Bialik,mental-health,Mental Health,Mental Health,595,a few times a week,2026-07-15,true,true,false,false,77,2026-07-16,https://podcasts.apple.com/us/podcast/mayim-bialiks-breakdown/id1546456269
tax-smart-real-estate-investors-podcast-252777,Tax Smart Real Estate Investors Podcast,Hall CPA,real-estate,Real Estate,Business,426,a few times a week,2026-07-14,true,true,false,false,76,2026-07-16,https://podcasts.apple.com/us/podcast/tax-smart-real-estate-investors-podcast/id1125252777
ted-tech-624027,TED Tech,TED Tech,technology,Technology,Technology,273,weekly,2026-07-10,true,true,false,false,76,2026-07-16,https://podcasts.apple.com/us/podcast/ted-tech/id470624027
the-organized-coach-productivity-business-systems-time-manag-840766,"The Organized Coach - Productivity, Business Systems, Time Management, ADHD, Routines, Life Coach, Entrepreneur","Tracy Hoth | Certified Life Coach, Professional Organizer, Systems Specialist",entrepreneurship,Entrepreneurship,How To,184,weekly,2026-07-14,true,true,false,false,76,2026-07-16,https://podcasts.apple.com/us/podcast/the-organized-coach-productivity-business-systems/id1687840766
transform-your-teaching-635367,Transform Your Teaching,Center for Teaching & Learning at Cedarville University,education,Education,Education,189,weekly,2026-07-15,true,true,false,false,76,2026-07-16,https://podcasts.apple.com/us/podcast/transform-your-teaching/id1671635367
workday-playdate-450538,Workday Playdate,Erin Diehl - Workday Playdate,careers,Careers,Careers,401,weekly,2026-07-15,true,true,false,false,76,2026-07-16,https://podcasts.apple.com/us/podcast/workday-playdate/id1508450538
10-happier-with-dan-harris-147821,10% Happier with Dan Harris,10% Happier,mental-health,Mental Health,Mental Health,1393,a few times a week,2026-07-15,true,false,false,false,74,2026-07-16,https://podcasts.apple.com/us/podcast/10-happier-with-dan-harris/id1087147821
career-confidence-234321,Career Confidence,Georgie Hubbard,careers,Careers,Careers,224,weekly,2026-07-12,true,true,false,false,74,2026-07-16,https://podcasts.apple.com/us/podcast/career-confidence/id1621234321
peak-human-unbiased-nutrition-info-for-optimum-health-fitnes-265937,"Peak Human - Unbiased Nutrition Info for Optimum Health, Fitness & Living",Brian Sanders - Filmmaker of Food Lies & Health Coach,health-and-fitness,Health & Fitness,Nutrition,236,monthly,2026-07-08,true,true,false,false,73,2026-07-16,https://podcasts.apple.com/us/podcast/peak-human-unbiased-nutrition-info-for-optimum-health/id1393265937
adhd-with-confidence-overcome-anxiety-self-doubt-life-adhd-c-420391,"ADHD with Confidence | Overcome Anxiety & Self-Doubt, Life & ADHD Coach, ADHD in Women",Kelsey Spronk,self-improvement,Self-Improvement,Self-Improvement,100,a few times a week,2026-07-14,true,true,false,false,72,2026-07-16,https://podcasts.apple.com/us/podcast/adhd-with-confidence-overcome-anxiety-self-doubt-life/id1768420391
a-product-market-fit-show-startup-podcast-for-founders-872827,A Product Market Fit Show | Startup Podcast for Founders,Mistral.vc,startups,Startups,Entrepreneurship,291,a few times a week,2026-07-13,true,true,false,false,70,2026-07-16,https://podcasts.apple.com/us/podcast/a-product-market-fit-show-startup-podcast-for-founders/id1602872827
biggerpockets-real-estate-podcast-419649,BiggerPockets Real Estate Podcast,BiggerPockets,real-estate,Real Estate,Investing,1326,a few times a week,2026-07-15,true,true,false,false,70,2026-07-16,https://podcasts.apple.com/us/podcast/biggerpockets-real-estate-podcast/id594419649
business-english-from-all-ears-english-591741,Business English from All Ears English,Lindsay McMahon,business,Business,Business,620,a few times a week,2026-07-16,true,true,false,false,70,2026-07-16,https://podcasts.apple.com/us/podcast/business-english-from-all-ears-english/id1650591741
business-of-home-podcast-460508,Business of Home Podcast,"Business of Home, Dennis Scully",business,Business,Design,566,a few times a week,2026-07-13,true,true,false,false,70,2026-07-16,https://podcasts.apple.com/us/podcast/business-of-home-podcast/id1340460508
pbd-podcast-697745,PBD Podcast,PBD Podcast,business,Business,Business,904,a few times a week,2026-07-14,true,true,false,false,70,2026-07-16,https://podcasts.apple.com/us/podcast/pbd-podcast/id1526697745
small-business-big-moneyTM-309098,Small Business Big Money™,"Financial Coach for Entrepreneurs, Gina Knox",entrepreneurship,Entrepreneurship,Entrepreneurship,253,weekly,2026-07-07,true,true,false,false,70,2026-07-16,https://podcasts.apple.com/us/podcast/small-business-big-money/id1629309098
the-chalene-show-diet-fitness-life-balance-042029,"The Chalene Show | Diet, Fitness & Life Balance",Chalene Johnson,health-and-fitness,Health & Fitness,Fitness,1314,a few times a week,2026-07-15,true,true,false,false,70,2026-07-16,https://podcasts.apple.com/us/podcast/the-chalene-show-diet-fitness-life-balance/id911042029
the-garyvee-audio-experience-159684,The GaryVee Audio Experience,Gary Vaynerchuk,marketing,Marketing,Marketing,2000,most weekdays,2026-07-15,true,true,false,false,70,2026-07-16,https://podcasts.apple.com/us/podcast/the-garyvee-audio-experience/id928159684
the-habit-thrive-podcast-self-care-habits-mindfulness-wellne-014675,"The Habit Thrive Podcast ~ Self Care Habits, Mindfulness & Wellness Routines for Women 50 & Beyond","Lorrie Mickelson, Habits & Self Care",self-improvement,Self-Improvement,Self-Improvement,211,weekly,2026-07-11,true,true,false,false,70,2026-07-16,https://podcasts.apple.com/us/podcast/the-habit-thrive-podcast-self-care-habits-mindfulness/id1634014675
the-investors-podcast-we-study-billionaires-the-investors-po-933489,The Investor's Podcast (We Study Billionaires)  - The Investor’s Podcast Network,The Investor's Podcast Network,finance-and-investing,Finance & Investing,Investing,1201,a few times a week,2026-07-16,true,true,true,false,70,2026-07-16,https://podcasts.apple.com/us/podcast/the-investors-podcast-we-study-billionaires-the/id928933489
think-fast-talk-smart-communication-techniques-989268,Think Fast Talk Smart: Communication Techniques,"Matt Abrahams, Think Fast Talk Smart",careers,Careers,Careers,344,a few times a week,2026-07-13,true,true,false,false,70,2026-07-16,https://podcasts.apple.com/us/podcast/think-fast-talk-smart-communication-techniques/id1494989268
this-week-in-startups-114957,This Week in Startups,Jason Calacanis,startups,Startups,Technology,1441,a few times a week,2026-07-15,true,true,false,false,70,2026-07-16,https://podcasts.apple.com/us/podcast/this-week-in-startups/id315114957
andy-stanley-leadership-podcast-055666,Andy Stanley Leadership Podcast,Andy Stanley,leadership,Leadership,Business,248,a couple of times a month,2026-07-13,true,true,false,false,69,2026-07-16,https://podcasts.apple.com/us/podcast/andy-stanley-leadership-podcast/id290055666
career-sessions-669307,Career Sessions,JR Lowry,careers,Careers,Careers,208,weekly,2026-07-13,true,true,false,false,68,2026-07-16,https://podcasts.apple.com/us/podcast/career-sessions/id1609669307
clock-in-with-emily-durham-520809,Clock In with Emily Durham,Emily Durham,careers,Careers,Careers,252,weekly,2026-07-15,true,true,false,false,68,2026-07-16,https://podcasts.apple.com/us/podcast/clock-in-with-emily-durham/id1505520809
diligent-minds-mindset-motivation-personal-growth-strategies-989470,"Diligent Minds | Mindset, Motivation & Personal Growth Strategies",Dorian Jones,self-improvement,Self-Improvement,Self-Improvement,404,weekly,2026-07-13,true,true,false,false,68,2026-07-16,https://podcasts.apple.com/us/podcast/diligent-minds-mindset-motivation-personal-growth-strategies/id1462989470
how-i-built-this-with-guy-raz-510297,How I Built This with Guy Raz,Guy Raz | Wondery,business,Business,Business,848,a few times a week,2026-07-16,true,true,true,false,68,2026-07-16,https://podcasts.apple.com/us/podcast/how-i-built-this-with-guy-raz/id1150510297
how-much-can-i-make-real-jobs-real-stories-career-insights-698096,How Much Can I Make?: Real Jobs. Real Stories. Career Insights,Mirav Ozeri - Career Insights Journalist,careers,Careers,Careers,94,weekly,2026-07-13,true,true,false,false,68,2026-07-16,https://podcasts.apple.com/us/podcast/how-much-can-i-make-real-jobs-real-stories-career-insights/id1795698096
mental-illness-happy-hour-377900,Mental Illness Happy Hour,Paul Gilmartin,mental-health,Mental Health,Mental Health,701,weekly,2026-07-10,true,true,false,false,68,2026-07-16,https://podcasts.apple.com/us/podcast/mental-illness-happy-hour/id427377900
real-estate-this-week-974901,Real Estate This Week,Stephen Gasque - Home Buying & Property Insights,real-estate,Real Estate,Investing,60,weekly,2026-07-12,true,true,false,false,68,2026-07-16,https://podcasts.apple.com/us/podcast/real-estate-this-week/id1816974901
rental-income-podcast-with-dan-lane-898575,Rental Income Podcast With Dan Lane,Rental Income Podcast,real-estate,Real Estate,Investing,597,weekly,2026-07-14,true,true,false,false,68,2026-07-16,https://podcasts.apple.com/us/podcast/rental-income-podcast-with-dan-lane/id920898575
the-cmo-podcast-604334,The CMO Podcast,vYve & Jim Stengel,marketing,Marketing,Careers,429,weekly,2026-07-15,true,true,false,false,68,2026-07-16,https://podcasts.apple.com/us/podcast/the-cmo-podcast/id1460604334
the-future-of-everything-836821,The Future of Everything,Stanford Engineering,technology,Technology,Science,383,weekly,2026-07-10,true,true,false,false,68,2026-07-16,https://podcasts.apple.com/us/podcast/the-future-of-everything/id1235836821
were-all-insane-519878,We're All Insane,Devorah Roloff,mental-health,Mental Health,Mental Health,216,weekly,2026-07-12,true,true,false,false,68,2026-07-16,https://podcasts.apple.com/us/podcast/were-all-insane/id1616519878
big-brains-737097,Big Brains,University of Chicago Podcast Network,science,Science,Science,222,a couple of times a month,2026-07-09,true,true,true,false,67,2026-07-16,https://podcasts.apple.com/us/podcast/big-brains/id1368737097
growth-mindset-psychology-the-science-of-self-improvement-606075,Growth Mindset Psychology: The Science of Self-Improvement,Sam Webster Harris | Growth Mindset Psychology,self-improvement,Self-Improvement,Self-Improvement,525,a few times a week,2026-07-14,true,false,false,false,66,2026-07-16,https://podcasts.apple.com/us/podcast/growth-mindset-psychology-the-science-of-self-improvement/id1273606075
the-marketing-architects-048313,The Marketing Architects,Marketing Architects,marketing,Marketing,Marketing,287,a few times a week,2026-07-14,true,false,false,false,66,2026-07-16,https://podcasts.apple.com/us/podcast/the-marketing-architects/id1679048313
the-startup-ideas-podcast-424985,The Startup Ideas Podcast,Greg Isenberg,startups,Startups,Entrepreneurship,354,a few times a week,2026-07-15,true,false,false,false,66,2026-07-16,https://podcasts.apple.com/us/podcast/the-startup-ideas-podcast/id1593424985
a-bit-of-optimism-385282,A Bit of Optimism,Simon Sinek,careers,Careers,Careers,229,weekly,2026-07-14,true,false,false,false,64,2026-07-16,https://podcasts.apple.com/us/podcast/a-bit-of-optimism/id1515385282
maxwell-leadership-podcast-206538,Maxwell Leadership Podcast,John Maxwell,leadership,Leadership,Education,464,weekly,2026-07-15,true,false,false,false,64,2026-07-16,https://podcasts.apple.com/us/podcast/maxwell-leadership-podcast/id1416206538
no-priors-artificial-intelligence-technology-startups-002688,No Priors: Artificial Intelligence | Technology | Startups,Conviction,startups,Startups,Technology,169,weekly,2026-07-09,true,false,false,false,64,2026-07-16,https://podcasts.apple.com/us/podcast/no-priors-artificial-intelligence-technology-startups/id1668002688
passive-real-estate-investing-557991,Passive Real Estate Investing,"Real Estate Investing with Marco Santarelli, Investor and Entrepreneur.",real-estate,Real Estate,Investing,610,weekly,2026-07-09,true,false,false,false,64,2026-07-16,https://podcasts.apple.com/us/podcast/passive-real-estate-investing/id1006557991
psychology-at-work-career-success-leadership-communication-s-458121,"Psychology at Work | Career Success, Leadership, Communication Skills","Melody Wilding, LMSW",careers,Careers,Careers,111,weekly,2026-07-15,true,false,false,false,64,2026-07-16,https://podcasts.apple.com/us/podcast/psychology-at-work-career-success-leadership-communication/id1762458121
startups-for-the-rest-of-us-931951,Startups For the Rest of Us,Rob Walling,startups,Startups,Entrepreneurship,329,weekly,2026-07-14,true,false,false,false,64,2026-07-16,https://podcasts.apple.com/us/podcast/startups-for-the-rest-of-us/id366931951
sustainable-weight-loss-lifestyle-macro-counting-building-mu-700527,"Sustainable Weight Loss, Lifestyle Macro Counting, Building Muscle: Stop It","Emily Erb, Exercise Physiologist, & Health/Fitness Coach",health-and-fitness,Health & Fitness,Health & Fitness,69,weekly,2026-07-08,true,false,false,false,64,2026-07-16,https://podcasts.apple.com/us/podcast/sustainable-weight-loss-lifestyle-macro-counting-building/id1810700527
the-100m-entrepreneur-podcast-990356,The $100M Entrepreneur Podcast,Brad Sugars,entrepreneurship,Entrepreneurship,Management,272,weekly,2026-07-15,true,false,false,false,64,2026-07-16,https://podcasts.apple.com/us/podcast/the-%24100m-entrepreneur-podcast/id1660990356
the-lazy-genius-podcast-796513,The Lazy Genius Podcast,"Kendra, The Lazy Genius",education,Education,Education,516,weekly,2026-07-13,true,false,false,false,64,2026-07-16,https://podcasts.apple.com/us/podcast/the-lazy-genius-podcast/id1111796513
the-psychology-of-depression-and-anxiety-dr-scott-eilers-803718,The Psychology of Depression and Anxiety - Dr. Scott Eilers,Scott Eilers,mental-health,Mental Health,Mental Health,256,weekly,2026-07-13,true,false,false,false,64,2026-07-16,https://podcasts.apple.com/us/podcast/the-psychology-of-depression-and-anxiety-dr-scott-eilers/id1665803718
hack-the-entrepreneur-top-ten-business-marketing-productivit-205899,Hack the Entrepreneur Top Ten | Business | Marketing | Productivity | Habits,Jon Nastor,entrepreneurship,Entrepreneurship,Business,10,a few times a week,2016-06-02,false,true,false,true,63,2026-07-16,https://podcasts.apple.com/us/podcast/hack-the-entrepreneur-top-ten-business-marketing/id1115205899
idea-to-startup-889590,Idea to Startup,Brian Scordato | Tacklebox,startups,Startups,Entrepreneurship,280,weekly,2026-07-01,true,true,false,false,63,2026-07-16,https://podcasts.apple.com/us/podcast/idea-to-startup/id1458889590
the-digital-marketing-podcast-596600,The Digital Marketing Podcast,Daniel Rowles and Ciaran Rogers,marketing,Marketing,Marketing,100,a couple of times a month,2026-07-10,true,true,false,false,63,2026-07-16,https://podcasts.apple.com/us/podcast/the-digital-marketing-podcast/id373596600
the-growth-guide-self-improvement-greatness-impact-creators--282167,The Growth Guide: Self-Improvement | Greatness | Impact | Creators | FI |,Clint Robert Murphy,self-improvement,Self-Improvement,Self-Improvement,176,weekly,2025-02-18,false,true,false,true,63,2026-07-16,https://podcasts.apple.com/us/podcast/the-growth-guide-self-improvement-greatness-impact/id1563282167
the-jordan-b-peterson-podcast-022695,The Jordan B. Peterson Podcast,Dr. Jordan B. Peterson,education,Education,Education,583,a couple of times a month,2026-07-12,true,true,false,false,63,2026-07-16,https://podcasts.apple.com/us/podcast/the-jordan-b-peterson-podcast/id1184022695
marketing-girly-by-sky-society-053641,Marketing Girly by Sky Society,Natalie Peters,marketing,Marketing,Careers,216,weekly,2026-07-14,true,true,false,false,62,2026-07-16,https://podcasts.apple.com/us/podcast/marketing-girly-by-sky-society/id1556053641
7-minute-leadership-785019,7 Minute Leadership,Paul Falavolito,leadership,Leadership,Business,753,most weekdays,2026-07-16,true,false,false,false,60,2026-07-16,https://podcasts.apple.com/us/podcast/7-minute-leadership/id1111785019
a-beginners-guide-to-ai-165010,A Beginner's Guide to AI,Dietmar Fischer,technology,Technology,Technology,370,a few times a week,2026-07-14,true,false,false,false,60,2026-07-16,https://podcasts.apple.com/us/podcast/a-beginners-guide-to-ai/id1701165010
biggerpockets-money-podcast-225136,BiggerPockets Money Podcast,BiggerPockets,finance-and-investing,Finance & Investing,Investing,767,a few times a week,2026-07-15,true,false,false,false,60,2026-07-16,https://podcasts.apple.com/us/podcast/biggerpockets-money-podcast/id1330225136
change-your-brain-every-day-337794,Change Your Brain Every Day,Dr Daniel & Tana Amen,mental-health,Mental Health,Mental Health,1001,a few times a week,2026-07-13,true,false,false,false,60,2026-07-16,https://podcasts.apple.com/us/podcast/change-your-brain-every-day/id1178337794
curious-kids-every-day-a-daily-educational-podcast-957243,Curious Kids Every Day: A Daily Educational Podcast,Curious Kids Every Day,education,Education,Education for Kids,400,most weekdays,2026-07-15,true,false,false,false,60,2026-07-16,https://podcasts.apple.com/us/podcast/curious-kids-every-day-a-daily-educational-podcast/id1808957243
cybersecurity-today-182054,Cybersecurity Today,Jim Love,technology,Technology,Tech News,105,a few times a week,2026-07-15,true,false,false,false,60,2026-07-16,https://podcasts.apple.com/us/podcast/cybersecurity-today/id1363182054
daily-tech-news-show-864884,Daily Tech News Show,Tom Merritt,technology,Technology,Technology,2000,most weekdays,2026-07-15,true,false,false,false,60,2026-07-16,https://podcasts.apple.com/us/podcast/daily-tech-news-show/id790864884
elon-musk-podcast-583664,Elon Musk Podcast,Stage Zero,technology,Technology,Technology,1393,most weekdays,2026-07-15,true,false,false,false,60,2026-07-16,https://podcasts.apple.com/us/podcast/elon-musk-podcast/id1480583664
empowering-exceptional-minds-450393,Empowering Exceptional Minds,Educational Therapy LLC,education,Education,Education,43,weekly,2026-07-14,true,true,true,false,60,2026-07-16,https://podcasts.apple.com/us/podcast/empowering-exceptional-minds/id1847450393
happen-to-your-career-meaningful-work-career-change-career-d-653288,"Happen To Your Career - Meaningful Work, Career Change, Career Design, & Job Search",Scott Anthony Barlow,careers,Careers,Careers,707,a few times a week,2026-07-13,true,false,false,false,60,2026-07-16,https://podcasts.apple.com/us/podcast/happen-to-your-career-meaningful-work-career-change/id717653288
ken-mcelroy-show-180254,Ken McElroy Show,Ken McElroy,real-estate,Real Estate,Investing,598,a few times a week,2026-07-14,true,false,false,false,60,2026-07-16,https://podcasts.apple.com/us/podcast/ken-mcelroy-show/id1465180254
lifetime-cash-flow-through-real-estate-investing-449598,Lifetime Cash Flow Through Real Estate Investing,Rod Khleif,real-estate,Real Estate,Investing,1259,a few times a week,2026-07-13,true,false,false,false,60,2026-07-16,https://podcasts.apple.com/us/podcast/lifetime-cash-flow-through-real-estate-investing/id1097449598
marketing-school-digital-marketing-and-online-marketing-tips-869817,Marketing School - Digital Marketing and Online Marketing Tips,Eric Siu and Neil Patel,marketing,Marketing,Marketing,2000,a few times a week,2026-07-15,true,false,false,false,60,2026-07-16,https://podcasts.apple.com/us/podcast/marketing-school-digital-marketing-and-online/id1138869817
mind-pump-raw-fitness-truth-100822,Mind Pump: Raw Fitness Truth,"Sal Di Stefano, Adam Schafer, Justin Andrews, Doug Egge",health-and-fitness,Health & Fitness,Fitness,1000,most weekdays,2026-07-16,true,false,false,false,60,2026-07-16,https://podcasts.apple.com/us/podcast/mind-pump-raw-fitness-truth/id954100822
money-guy-show-362031,Money Guy Show,Brian Preston and Bo Hanson,finance-and-investing,Finance & Investing,Investing,1307,a few times a week,2026-07-15,true,false,false,false,60,2026-07-16,https://podcasts.apple.com/us/podcast/money-guy-show/id121362031
nerdwallets-smart-money-podcast-091892,NerdWallet's Smart Money Podcast,NerdWallet Personal Finance,finance-and-investing,Finance & Investing,Investing,632,a few times a week,2026-07-16,true,false,false,false,60,2026-07-16,https://podcasts.apple.com/us/podcast/nerdwallets-smart-money-podcast/id1256091892
no-bullsht-leadership-654553,No Bullsh!t Leadership,Martin G Moore,leadership,Leadership,Management,591,a few times a week,2026-07-14,true,false,false,false,60,2026-07-16,https://podcasts.apple.com/us/podcast/no-bullsh-t-leadership/id1434654553
optimal-health-daily-fitness-and-nutrition-251922,Optimal Health Daily - Fitness and Nutrition,Optimal Living Daily | Dr. Neal Malik,health-and-fitness,Health & Fitness,Fitness,2026,most weekdays,2026-07-11,true,false,false,false,60,2026-07-11,https://podcasts.apple.com/us/podcast/optimal-health-daily-fitness-and-nutrition/id1136251922
real-estate-training-coaching-school-772346,Real Estate Training & Coaching School,Tim & Julie Harris - Real Estate Success Coaches,real-estate,Real Estate,Careers,2000,a few times a week,2026-07-15,true,false,false,false,60,2026-07-16,https://podcasts.apple.com/us/podcast/real-estate-training-coaching-school/id849772346
schoolutions-curious-educators-evidence-based-strategies-cla-920915,Schoolutions: Curious Educators. Evidence-Based Strategies. Classrooms Where Every Child Thrives.,Olivia Wahl,education,Education,Education,315,a few times a week,2026-07-15,true,false,false,false,60,2026-07-16,https://podcasts.apple.com/us/podcast/schoolutions-curious-educators-evidence-based-strategies/id1610920915
schwab-market-update-audio-968445,Schwab Market Update Audio,Charles Schwab,finance-and-investing,Finance & Investing,Investing,600,most weekdays,2026-07-16,true,false,false,false,60,2026-07-16,https://podcasts.apple.com/us/podcast/schwab-market-update-audio/id1421968445
self-improvement-daily-578549,Self Improvement Daily,Best You 2025,self-improvement,Self-Improvement,Self-Improvement,2000,most weekdays,2026-07-15,true,false,false,false,60,2026-07-16,https://podcasts.apple.com/us/podcast/self-improvement-daily/id1403578549
social-media-decoded-875342,Social Media Decoded,Michelle Thames,marketing,Marketing,Marketing,600,a few times a week,2026-07-13,true,false,false,false,60,2026-07-16,https://podcasts.apple.com/us/podcast/social-media-decoded/id1518875342
speak-up-develop-your-executive-presence-leadership-communic-646965,Speak Up: Develop Your Executive Presence & Leadership Communication Style,Laura Camacho,leadership,Leadership,Business,592,a few times a week,2026-07-15,true,false,false,false,60,2026-07-16,https://podcasts.apple.com/us/podcast/speak-up-develop-your-executive-presence-leadership/id1368646965
stock-market-today-with-ibd-322096,Stock Market Today With IBD,Investor's Business Daily,finance-and-investing,Finance & Investing,Investing,841,most weekdays,2026-07-15,true,false,false,false,60,2026-07-16,https://podcasts.apple.com/us/podcast/stock-market-today-with-ibd/id1685322096
the-10-minute-entrepreneur-004517,The 10 Minute Entrepreneur,Sean Castrina,entrepreneurship,Entrepreneurship,Entrepreneurship,108,a few times a week,2026-07-09,true,false,false,false,60,2026-07-16,https://podcasts.apple.com/us/podcast/the-10-minute-entrepreneur/id1330004517
the-100-mba-show-218859,The $100 MBA Show,Omar Zenhom,careers,Careers,Careers,2000,a few times a week,2026-07-15,true,false,false,false,60,2026-07-16,https://podcasts.apple.com/us/podcast/the-%24100-mba-show/id906218859
the-diary-of-a-ceo-with-steven-bartlett-423644,The Diary Of A CEO with Steven Bartlett,DOAC,business,Business,Business,859,a few times a week,2026-07-16,true,false,false,false,60,2026-07-16,https://podcasts.apple.com/us/podcast/the-diary-of-a-ceo-with-steven-bartlett/id1291423644
the-investing-for-beginners-podcast-your-path-to-financial-f-741497,The Investing for Beginners Podcast - Your Path to Financial Freedom,"By Andrew Sather, Stephen Morris, and Evan Raidt | Stock Market Guide to Buying Stocks",finance-and-investing,Finance & Investing,Investing,730,a few times a week,2026-07-16,true,false,false,false,60,2026-07-16,https://podcasts.apple.com/us/podcast/the-investing-for-beginners-podcast-your-path-to/id1210741497
the-mindset-babe-self-love-confidence-motivation-self-esteem-711649,"The Mindset Babe | Self-Love, Confidence, Motivation, Self-Esteem, Inspiration, Manifestation",Perry Richardson | Life Coach + Mindset Expert,mental-health,Mental Health,Mental Health,323,a few times a week,2026-07-14,true,false,false,false,60,2026-07-16,https://podcasts.apple.com/us/podcast/the-mindset-babe-self-love-confidence-motivation-self/id1560711649
the-personal-finance-podcast-786733,The Personal Finance Podcast,Andrew Giancola,finance-and-investing,Finance & Investing,Investing,547,a few times a week,2026-07-15,true,false,false,false,60,2026-07-16,https://podcasts.apple.com/us/podcast/the-personal-finance-podcast/id1511786733
the-ultimate-human-with-gary-brecka-740887,The Ultimate Human with Gary Brecka,Gary Brecka,health-and-fitness,Health & Fitness,Health & Fitness,283,a few times a week,2026-07-14,true,false,false,false,60,2026-07-16,https://podcasts.apple.com/us/podcast/the-ultimate-human-with-gary-brecka/id1709740887
the-vergecast-333725,The Vergecast,The Verge,technology,Technology,Technology,1022,a few times a week,2026-07-15,true,false,false,false,60,2026-07-16,https://podcasts.apple.com/us/podcast/the-vergecast/id430333725
thoughts-on-the-market-686717,Thoughts on the Market,Morgan Stanley,finance-and-investing,Finance & Investing,Investing,1659,most weekdays,2026-07-15,true,false,false,false,60,2026-07-16,https://podcasts.apple.com/us/podcast/thoughts-on-the-market/id1466686717
unfck-your-brain-feminist-self-help-for-everyone-434818,UnF*ck Your Brain: Feminist Self-Help for Everyone,Kara Loewentheil,mental-health,Mental Health,Mental Health,585,a few times a week,2026-07-14,true,false,false,false,60,2026-07-16,https://podcasts.apple.com/us/podcast/unf-ck-your-brain-feminist-self-help-for-everyone/id1229434818
faith-driven-entrepreneur-492053,Faith Driven Entrepreneur,Faith Driven Media,entrepreneurship,Entrepreneurship,Business,381,weekly,2026-07-14,true,true,true,false,59,2026-07-16,https://podcasts.apple.com/us/podcast/faith-driven-entrepreneur/id1370492053
career-contessa-354911,Career Contessa,Career Contessa,careers,Careers,Careers,397,weekly,2026-07-14,true,false,false,false,58,2026-07-16,https://podcasts.apple.com/us/podcast/career-contessa/id1434354911
emotionally-uncomfortable-980293,Emotionally Uncomfortable,"Hosted by Heather Chauvin | Insights inspired by Mel Robbins, Bréne Brown,",mental-health,Mental Health,Mental Health,1279,weekly,2026-07-15,true,false,false,false,58,2026-07-16,https://podcasts.apple.com/us/podcast/emotionally-uncomfortable/id982980293
focused-an-educational-leadership-podcast-that-uncovers-what-191856,FocusED: An educational leadership podcast that uncovers what is working in our schools.,TheSchoolHouse302,education,Education,Education,78,a couple of times a month,2025-03-14,false,true,false,true,58,2026-07-16,https://podcasts.apple.com/us/podcast/focused-an-educational-leadership-podcast-that/id1484191856
friends-that-invest-887342,Friends That Invest,Friends That Invest,finance-and-investing,Finance & Investing,Investing,464,weekly,2026-07-13,true,false,false,false,58,2026-07-16,https://podcasts.apple.com/us/podcast/friends-that-invest/id1529887342
hidden-brain-908750,Hidden Brain,"Hidden Brain, Shankar Vedantam",science,Science,Social Sciences,695,weekly,2026-07-13,true,false,false,false,58,2026-07-16,https://podcasts.apple.com/us/podcast/hidden-brain/id1028908750
invest-like-a-billionaire-171662,Invest Like a Billionaire,Aspen Funds,finance-and-investing,Finance & Investing,Investing,248,weekly,2026-07-14,true,false,false,false,58,2026-07-16,https://podcasts.apple.com/us/podcast/invest-like-a-billionaire/id1587171662
leadership-without-losing-your-soul-master-communication-man-803180,"Leadership Without Losing Your Soul: Master Communication & Management Skills To Boost Productivity, Teamwork & Ease Overwhel",Leadership Without Losing Your Soul,leadership,Leadership,Management,300,weekly,2026-07-09,true,false,false,false,58,2026-07-16,https://podcasts.apple.com/us/podcast/leadership-without-losing-your-soul-master-communication/id1458803180
legendary-life-transform-your-body-upgrade-your-health-live--958144,"Legendary Life | Transform Your Body, Upgrade Your Health & Live Your Best Life",Celebrity Fitness Trainer & Longevity Enthusiast Ted Ryce,health-and-fitness,Health & Fitness,Fitness,1089,weekly,2026-07-13,true,false,false,false,58,2026-07-16,https://podcasts.apple.com/us/podcast/legendary-life-transform-your-body-upgrade-your-health/id870958144
lex-fridman-podcast-243584,Lex Fridman Podcast,Lex Fridman,technology,Technology,Technology,499,a couple of times a month,2026-06-30,true,true,false,false,58,2026-07-16,https://podcasts.apple.com/us/podcast/lex-fridman-podcast/id1434243584
maxwell-leadership-executive-podcast-187307,Maxwell Leadership Executive Podcast,John Maxwell,leadership,Leadership,Entrepreneurship,300,weekly,2026-07-16,true,false,false,false,58,2026-07-16,https://podcasts.apple.com/us/podcast/maxwell-leadership-executive-podcast/id1372187307
mindset-motivation-510104,Mindset & Motivation,Dr. Stephen Cabral,mental-health,Mental Health,Mental Health,100,weekly,2026-07-13,true,false,false,false,58,2026-07-16,https://podcasts.apple.com/us/podcast/mindset-motivation/id1558510104
moodys-talks-inside-economics-966912,Moody's Talks - Inside Economics,Moody's Analytics,finance-and-investing,Finance & Investing,Investing,320,weekly,2026-07-10,true,false,false,false,58,2026-07-16,https://podcasts.apple.com/us/podcast/moodys-talks-inside-economics/id1559966912
regulate-rewire-an-anxiety-depression-podcast-685974,Regulate & Rewire: An Anxiety & Depression Podcast,Amanda Armstrong,mental-health,Mental Health,Mental Health,165,weekly,2026-07-14,true,false,false,false,58,2026-07-16,https://podcasts.apple.com/us/podcast/regulate-rewire-an-anxiety-depression-podcast/id1674685974
shes-just-getting-started-starting-a-business-pursuing-your--938636,"She's Just Getting Started: Starting a business, pursuing your passion, make money doing what you love❤️",Kimberly Brock | Business Coach for Women Turning a Passion into a Business,business,Business,Careers,352,weekly,2026-07-09,true,false,false,false,58,2026-07-16,https://podcasts.apple.com/us/podcast/shes-just-getting-started-starting-a-business/id1478938636
the-100-percent-principal-podcast-191009,The 100 Percent Principal Podcast,Robyn Jackson,education,Education,Education,100,weekly,2026-07-15,true,false,false,false,58,2026-07-16,https://podcasts.apple.com/us/podcast/the-100-percent-principal-podcast/id1355191009
the-confidence-podcast-mindset-coaching-and-tips-to-overcome-742791,"The Confidence Podcast: Mindset Coaching and Tips to Overcome Self-Limiting Beliefs, Self-Doubt, Perfectionism, Overthinking,",Trish Blackwell,self-improvement,Self-Improvement,Self-Improvement,894,weekly,2026-07-14,true,false,false,false,58,2026-07-16,https://podcasts.apple.com/us/podcast/the-confidence-podcast-mindset-coaching-and-tips/id641742791
the-cult-of-pedagogy-podcast-015782,The Cult of Pedagogy Podcast,Jennifer Gonzalez,education,Education,Education,309,a couple of times a month,2026-06-21,true,true,false,false,58,2026-07-16,https://podcasts.apple.com/us/podcast/the-cult-of-pedagogy-podcast/id900015782
the-long-view-214964,The Long View,"Morningstar, Christine Benz - Director of Personal Finance and Retirement Planning, Ben Johnson - Head of Client Solutions, Amy Arnott - Portfolio Strategist",finance-and-investing,Finance & Investing,Investing,380,weekly,2026-07-14,true,false,false,false,58,2026-07-16,https://podcasts.apple.com/us/podcast/the-long-view/id1462214964
the-marketing-bestie-podcast-with-zoeunlimited-378257,The Marketing Bestie Podcast with zoeunlimited,zoeunlimited,marketing,Marketing,Marketing,109,weekly,2026-07-06,true,false,false,false,58,2026-07-16,https://podcasts.apple.com/us/podcast/the-marketing-bestie-podcast-with-zoeunlimited/id1750378257
the-overwhelmed-brain-537890,The Overwhelmed Brain,Paul Colaianni: Relationship and Emotional Abuse Expert,mental-health,Mental Health,Mental Health,639,weekly,2026-07-12,true,false,false,false,58,2026-07-16,https://podcasts.apple.com/us/podcast/the-overwhelmed-brain/id743537890
the-science-of-special-education-871843,The Science of Special Education,Brett Stevens,education,Education,Education,9,a couple of times a month,2023-04-28,false,true,false,true,58,2026-07-16,https://podcasts.apple.com/us/podcast/the-science-of-special-education/id1657871843
the-skeptics-guide-to-the-universe-859062,The Skeptics' Guide to the Universe,Dr. Steven Novella,science,Science,Science,1095,weekly,2026-07-11,true,false,false,false,58,2026-07-16,https://podcasts.apple.com/us/podcast/the-skeptics-guide-to-the-universe/id128859062
the-storybrand-podcast-751338,The StoryBrand Podcast,StoryBrand.com,marketing,Marketing,Marketing,563,weekly,2026-07-13,true,false,false,false,58,2026-07-16,https://podcasts.apple.com/us/podcast/the-storybrand-podcast/id1092751338
this-week-in-tech-audio-329404,This Week in Tech (Audio),TWiT,technology,Technology,Technology,214,weekly,2026-07-13,true,false,false,false,58,2026-07-16,https://podcasts.apple.com/us/podcast/this-week-in-tech-audio/id73329404
y-combinator-startup-podcast-907421,Y Combinator Startup Podcast,Y Combinator,technology,Technology,Technology,318,weekly,2026-07-09,true,false,false,false,58,2026-07-16,https://podcasts.apple.com/us/podcast/y-combinator-startup-podcast/id1236907421
pivot-with-jenny-blake-817076,Pivot with Jenny Blake,Jenny Blake,careers,Careers,Careers,379,weekly,2024-02-24,false,true,false,true,57,2026-07-16,https://podcasts.apple.com/us/podcast/pivot-with-jenny-blake/id1054817076
ted-health-623173,TED Health,TED,health-and-fitness,Health & Fitness,Health & Fitness,312,weekly,2026-07-14,true,true,true,false,57,2026-07-16,https://podcasts.apple.com/us/podcast/ted-health/id470623173
the-bad-btch-entrepreneur-845105,The Bad B*tch Entrepreneur,Melanie Childers,entrepreneurship,Entrepreneurship,Entrepreneurship,165,weekly,2024-07-11,false,true,false,true,57,2026-07-16,https://podcasts.apple.com/us/podcast/the-bad-b-tch-entrepreneur/id1568845105
ai-business-daily-801264,AI Business Daily,Cast Nexa,technology,Technology,Technology,8,a few times a week,2026-06-10,true,false,false,false,55,2026-07-16,https://podcasts.apple.com/us/podcast/ai-business-daily/id1896801264
craig-groeschel-leadership-podcast-649025,Craig Groeschel Leadership Podcast,Life.Church,leadership,Leadership,Management,196,a couple of times a month,2026-07-02,true,false,false,false,55,2026-07-16,https://podcasts.apple.com/us/podcast/craig-groeschel-leadership-podcast/id1070649025
make-me-smart-589165,Make Me Smart,Marketplace,business,Business,Business,260,a few times a week,2026-06-21,true,false,false,false,55,2026-07-16,https://podcasts.apple.com/us/podcast/make-me-smart/id1181589165
science-quickly-330872,Science Quickly,Scientific American,science,Science,Science,1942,a few times a week,2026-06-22,true,false,false,false,55,2026-07-16,https://podcasts.apple.com/us/podcast/science-quickly/id189330872
a-really-good-cry-895338,A Really Good Cry,iHeartPodcasts,mental-health,Mental Health,Mental Health,120,weekly,2026-07-14,true,true,true,false,54,2026-07-16,https://podcasts.apple.com/us/podcast/a-really-good-cry/id1708895338
huberman-lab-953110,Huberman Lab,Scicomm Media,health-and-fitness,Health & Fitness,Health & Fitness,420,a few times a week,2026-07-13,true,false,true,false,54,2026-07-16,https://podcasts.apple.com/us/podcast/huberman-lab/id1545953110
i-am-enough-mastering-self-love-podcast-575530,I Am Enough: Mastering Self Love Podcast,Charity B.,self-improvement,Self-Improvement,Self-Improvement,41,monthly,2026-07-01,true,true,false,false,54,2026-07-16,https://podcasts.apple.com/us/podcast/i-am-enough-mastering-self-love-podcast/id1631575530
tip-of-the-spear-leadership-podcast-962292,Tip Of The Spear Leadership Podcast,Michael Nasti,leadership,Leadership,Management,110,a couple of times a month,2026-05-13,true,true,false,false,54,2026-07-16,https://podcasts.apple.com/us/podcast/tip-of-the-spear-leadership-podcast/id1663962292
girls-with-goals-898734,Girls with Goals,AnnCatherine & Caroline,self-improvement,Self-Improvement,Self-Improvement,214,a couple of times a month,2026-07-14,true,false,false,false,53,2026-07-16,https://podcasts.apple.com/us/podcast/girls-with-goals/id1581898734
how-to-survive-the-classroom-684851,How To Survive The Classroom,Andrea Forcum,education,Education,Education,111,weekly,2026-06-29,true,false,false,false,53,2026-07-16,https://podcasts.apple.com/us/podcast/how-to-survive-the-classroom/id1738684851
lets-learn-everything-816694,Let's Learn Everything!,Maximum Fun,science,Science,Science,142,a couple of times a month,2026-07-16,true,false,false,false,53,2026-07-16,https://podcasts.apple.com/us/podcast/lets-learn-everything/id1587816694
marketing-happy-hour-397602,Marketing Happy Hour,Marketing Happy Hour,marketing,Marketing,Marketing,275,weekly,2026-07-02,true,false,false,false,53,2026-07-16,https://podcasts.apple.com/us/podcast/marketing-happy-hour/id1588397602
marketing-trends-461152,Marketing Trends,Mission,marketing,Marketing,Marketing,560,a couple of times a month,2026-07-15,true,false,false,false,53,2026-07-16,https://podcasts.apple.com/us/podcast/marketing-trends/id1442461152
nvidia-ai-podcast-480811,NVIDIA AI Podcast,NVIDIA,technology,Technology,Technology,306,weekly,2026-06-24,true,false,false,false,53,2026-07-16,https://podcasts.apple.com/us/podcast/nvidia-ai-podcast/id1186480811
redefiners-922162,Redefiners,Russell Reynolds Associates,careers,Careers,Careers,124,a couple of times a month,2026-07-15,true,false,false,false,53,2026-07-16,https://podcasts.apple.com/us/podcast/redefiners/id1576922162
self-obsessed-655351,Self Obsessed,Tam Kaur,self-improvement,Self-Improvement,Self-Improvement,129,a couple of times a month,2026-07-09,true,false,false,false,53,2026-07-16,https://podcasts.apple.com/us/podcast/self-obsessed/id1717655351
take-command-a-leadership-podcast-256257,Take Command: A Leadership Podcast,"Dale Carnegie Flagship Podcast, Joe Hart",leadership,Leadership,Management,107,a couple of times a month,2026-07-14,true,false,false,false,53,2026-07-16,https://podcasts.apple.com/us/podcast/take-command-a-leadership-podcast/id1495256257
the-anxious-truth-a-panic-anxiety-and-mental-health-podcast-638424,"The Anxious Truth - A Panic, Anxiety, and Mental Health Podcast",Drew Linsalata,mental-health,Mental Health,Mental Health,342,a couple of times a month,2026-07-15,true,false,false,false,53,2026-07-16,https://podcasts.apple.com/us/podcast/the-anxious-truth-a-panic-anxiety-and-mental-health-podcast/id968638424
the-betterlife-podcast-074529,The BetterLife Podcast,Brandon Turner and Cam Cathcart,real-estate,Real Estate,Investing,200,weekly,2026-05-19,true,true,false,false,53,2026-07-16,https://podcasts.apple.com/us/podcast/the-betterlife-podcast/id1679074529
the-mental-health-made-simple-podcast-671908,The Mental Health Made Simple Podcast,Dr. Mark Mayfield | Jonathan Collier,mental-health,Mental Health,Mental Health,30,a couple of times a month,2026-07-13,true,false,false,false,53,2026-07-16,https://podcasts.apple.com/us/podcast/the-mental-health-made-simple-podcast/id1825671908
the-real-estate-guys-radio-show-real-estate-investing-educat-167775,The Real Estate Guys Radio Show - Real Estate Investing Education for Effective Action,The Real Estate Guys,real-estate,Real Estate,Investing,831,a couple of times a month,2026-07-06,true,false,false,false,53,2026-07-16,https://podcasts.apple.com/us/podcast/the-real-estate-guys-radio-show-real-estate-investing/id194167775
the-weirdest-thing-i-learned-this-week-843908,The Weirdest Thing I Learned This Week,Popular Science,science,Science,Science,231,a couple of times a month,2026-07-15,true,false,false,false,53,2026-07-16,https://podcasts.apple.com/us/podcast/the-weirdest-thing-i-learned-this-week/id1377843908
saas-growth-podcast-saas-startups-marketing-growth-tips-from-744997,"SaaS Growth Podcast - SaaS Startups, Marketing & Growth Tips from Successful Entrepreneurs",Carl Anderson,startups,Startups,Entrepreneurship,21,a couple of times a month,2024-02-11,false,true,false,true,52,2026-07-16,https://podcasts.apple.com/us/podcast/saas-growth-podcast-saas-startups-marketing-growth/id1725744997
the-healthcare-leadership-mindset-563233,The Healthcare Leadership Mindset,Yolanda Gonzalez,leadership,Leadership,Careers,22,a couple of times a month,2022-08-08,false,true,false,true,52,2026-07-16,https://podcasts.apple.com/us/podcast/the-healthcare-leadership-mindset/id1561563233
entrepreneur-motivation-podcast-874118,Entrepreneur Motivation Podcast,Chris Bello,entrepreneurship,Entrepreneurship,Entrepreneurship,416,weekly,2023-02-06,false,true,false,true,51,2026-07-16,https://podcasts.apple.com/us/podcast/entrepreneur-motivation-podcast/id1299874118
ted-business-622782,TED Business,TED,business,Business,Business,322,weekly,2026-07-13,true,false,true,false,51,2026-07-16,https://podcasts.apple.com/us/podcast/ted-business/id470622782
how-success-happens-418637,How Success Happens,Entrepreneur Media,entrepreneurship,Entrepreneurship,Careers,476,a few times a week,2026-07-15,true,true,true,false,50,2026-07-16,https://podcasts.apple.com/us/podcast/how-success-happens/id1288418637
motley-fool-hidden-gems-investing-106212,Motley Fool Hidden Gems Investing,The Motley Fool,finance-and-investing,Finance & Investing,Investing,2000,most weekdays,2026-07-15,true,true,true,false,50,2026-07-16,https://podcasts.apple.com/us/podcast/motley-fool-hidden-gems-investing/id306106212
real-estate-rookie-646507,Real Estate Rookie,BiggerPockets,real-estate,Real Estate,Investing,747,a few times a week,2026-07-15,true,true,false,false,50,2026-07-16,https://podcasts.apple.com/us/podcast/real-estate-rookie/id1499646507
rich-dad-radio-show-in-your-face-advice-on-investing-persona-641766,"Rich Dad Radio Show: In-Your-Face Advice on Investing, Personal Finance, & Starting a Business",The Rich Dad Media Network,business,Business,Investing,641,a few times a week,2026-07-15,true,true,true,false,50,2026-07-16,https://podcasts.apple.com/us/podcast/rich-dad-radio-show-in-your-face-advice-on-investing/id833641766
startups-decoded-857722,Startups Decoded,Andy Walsh,startups,Startups,Entrepreneurship,75,weekly,2026-07-13,true,true,false,false,50,2026-07-16,https://podcasts.apple.com/us/podcast/startups-decoded/id1791857722
therapy-in-a-nutshell-880062,Therapy in a Nutshell,Therapy in a Nutshell -Emma McAdam,mental-health,Mental Health,Mental Health,296,weekly,2026-07-10,true,true,false,false,50,2026-07-16,https://podcasts.apple.com/us/podcast/therapy-in-a-nutshell/id1514880062
wsj-tech-news-briefing-844126,WSJ Tech News Briefing,The Wall Street Journal,technology,Technology,Tech News,24,most weekdays,2026-07-15,true,true,true,false,50,2026-07-16,https://podcasts.apple.com/us/podcast/wsj-tech-news-briefing/id74844126
darknet-diaries-350485,Darknet Diaries,Jack Rhysider,technology,Technology,Technology,188,monthly,2026-07-07,true,false,false,false,49,2026-07-16,https://podcasts.apple.com/us/podcast/darknet-diaries/id1296350485
market-insights-948006,Market Insights,Fidelity Investments,finance-and-investing,Finance & Investing,Investing,8,monthly,2026-07-15,true,false,false,false,49,2026-07-16,https://podcasts.apple.com/us/podcast/market-insights/id1252948006
161-education-teaching-learning-075084,"16:1 - Education, Teaching, & Learning","Chelsea Adams, Katie Day",education,Education,Education,154,a couple of times a month,2026-06-12,true,false,false,false,48,2026-07-16,https://podcasts.apple.com/us/podcast/16-1-education-teaching-learning/id1495075084
daily-affirmations-for-women-962409,Daily Affirmations for Women,Daily Affirmations for Women,self-improvement,Self-Improvement,Self-Improvement,457,a few times a week,2026-01-25,true,false,false,false,48,2026-07-16,https://podcasts.apple.com/us/podcast/daily-affirmations-for-women/id1710962409
franklincovey-on-leadership-164389,FranklinCovey On Leadership,FranklinCovey,leadership,Leadership,Management,500,weekly,2026-07-14,true,true,false,false,48,2026-07-16,https://podcasts.apple.com/us/podcast/franklincovey-on-leadership/id1391164389
girl-stand-up-manifestation-motivation-189639,"Girl, Stand Up | Manifestation + Motivation",Chei,self-improvement,Self-Improvement,Self-Improvement,70,a couple of times a month,2026-06-11,true,false,false,false,48,2026-07-16,https://podcasts.apple.com/us/podcast/girl-stand-up-manifestation-motivation/id1679189639
invest-like-the-best-with-patrick-oshaughnessy-105909,Invest Like the Best with Patrick O'Shaughnessy,Colossus | Investing & Business Podcasts,finance-and-investing,Finance & Investing,Investing,586,weekly,2026-07-14,true,true,true,false,48,2026-07-16,https://podcasts.apple.com/us/podcast/invest-like-the-best-with-patrick-oshaughnessy/id1154105909
marketing-brew-weekly-438235,Marketing Brew Weekly,Morning Brew Inc.,marketing,Marketing,Marketing,45,weekly,2026-07-15,true,true,true,false,48,2026-07-16,https://podcasts.apple.com/us/podcast/marketing-brew-weekly/id1837438235
nasas-curious-universe-624059,NASA's Curious Universe,National Aeronautics and Space Administration (NASA),science,Science,Science,101,a couple of times a month,2026-06-12,true,false,false,false,48,2026-07-16,https://podcasts.apple.com/us/podcast/nasas-curious-universe/id1505624059
social-media-marketing-podcast-899114,Social Media Marketing Podcast,"Michael Stelzner, Social Media Examiner",marketing,Marketing,Marketing,748,weekly,2026-07-09,true,true,true,false,48,2026-07-16,https://podcasts.apple.com/us/podcast/social-media-marketing-podcast/id549899114
solved-with-mark-manson-526593,SOLVED with Mark Manson,Mark Manson,self-improvement,Self-Improvement,Self-Improvement,99,a couple of times a month,2026-07-01,true,false,false,false,48,2026-07-16,https://podcasts.apple.com/us/podcast/solved-with-mark-manson/id1247526593
the-goal-digger-podcast-top-business-and-marketing-podcast-f-704872,"The Goal Digger Podcast | Top Business and Marketing Podcast for Creatives, Entrepreneurs, and Women in Business",Jenna Kutcher,entrepreneurship,Entrepreneurship,Marketing,968,a few times a week,2025-12-31,true,true,false,true,48,2026-07-16,https://podcasts.apple.com/us/podcast/the-goal-digger-podcast-top-business-and/id1178704872
health-fitness-personal-growth-tips-for-women-in-midlife-ask-788625,"Health, Fitness & Personal Growth Tips for Women in Midlife: Asking for a Friend",Michele Henning Folan,health-and-fitness,Health & Fitness,Fitness,203,weekly,2026-04-28,true,false,false,false,47,2026-07-16,https://podcasts.apple.com/us/podcast/health-fitness-personal-growth-tips-for-women-in-midlife/id1620788625
do-this-not-that-marketing-tips-with-jay-schwedelson-260891,"Do This, NOT That: Marketing Tips with Jay Schwedelson",GURU Media Hub,marketing,Marketing,Marketing,615,a few times a week,2026-07-16,true,false,true,false,46,2026-07-16,https://podcasts.apple.com/us/podcast/do-this-not-that-marketing-tips-with-jay-schwedelson/id1701260891
investing-experts-747327,Investing Experts,Seeking Alpha,finance-and-investing,Finance & Investing,Investing,365,a few times a week,2026-07-15,true,false,true,false,46,2026-07-16,https://podcasts.apple.com/us/podcast/investing-experts/id1653747327
masters-in-business-188152,Masters in Business,Bloomberg,business,Business,Investing,785,a few times a week,2026-07-15,true,false,true,false,46,2026-07-16,https://podcasts.apple.com/us/podcast/masters-in-business/id730188152
motivational-mondays-conversations-with-leaders-020010,Motivational Mondays: Conversations with Leaders,National Society of Leadership and Success,leadership,Leadership,Self-Improvement,272,weekly,2025-09-08,true,true,false,true,46,2026-07-16,https://podcasts.apple.com/us/podcast/motivational-mondays-conversations-with-leaders/id1546020010
servant-leadership-institute-podcast-539202,Servant Leadership Institute Podcast,Servant Leadership Institute,leadership,Leadership,Management,100,a couple of times a month,2021-06-22,false,true,false,true,46,2026-07-16,https://podcasts.apple.com/us/podcast/servant-leadership-institute-podcast/id1108539202
per-my-last-email-653481,Per My Last Email,Morning Brew,careers,Careers,Careers,119,weekly,2026-07-13,true,false,true,false,44,2026-07-16,https://podcasts.apple.com/us/podcast/per-my-last-email/id1739653481
real-estate-the-ramsey-way-932414,Real Estate the Ramsey Way,Ramsey Network,real-estate,Real Estate,Investing,106,weekly,2026-07-14,true,false,true,false,44,2026-07-16,https://podcasts.apple.com/us/podcast/real-estate-the-ramsey-way/id1707932414
the-fitmind-podcast-mental-fitness-neuroscience-psychology-518124,"The FitMind Podcast: Mental Fitness, Neuroscience & Psychology","FitMind: Neuroscience, Meditation & Mental Fitness Training",health-and-fitness,Health & Fitness,Mental Health,100,monthly,2026-06-17,true,false,false,false,44,2026-07-16,https://podcasts.apple.com/us/podcast/the-fitmind-podcast-mental-fitness-neuroscience/id1461518124
but-first-she-failed-career-growth-women-entrepreneurs-overc-915172,"BUT FIRST, SHE FAILED - Career Growth, Women Entrepreneurs, Overcoming Imposter Syndrome, Growth Mindset, Confidence","Paola Soares- Inspired by Jenna Kutcher, Christian, Women entreprenuers",entrepreneurship,Entrepreneurship,Entrepreneurship,173,weekly,2026-05-20,true,false,false,false,43,2026-07-16,https://podcasts.apple.com/us/podcast/but-first-she-failed-career-growth-women-entrepreneurs/id1556915172
hey-adhd-agent-systems-time-management-real-estate-agent-lea-476833,"Hey, ADHD Agent | Systems, Time Management, Real Estate Agent, Lead Generation, Realtor, Moms in Real Estate",Heather Klompmaker | ADHD & Real Estate Coach For Women in Real Estate | Realtor,real-estate,Real Estate,Entrepreneurship,65,weekly,2026-04-14,true,false,false,false,43,2026-07-16,https://podcasts.apple.com/us/podcast/hey-adhd-agent-systems-time-management-real-estate/id1772476833
overheard-at-national-geographic-697207,Overheard at National Geographic,National Geographic,science,Science,Science,160,weekly,2023-07-11,false,true,false,true,43,2026-07-16,https://podcasts.apple.com/us/podcast/overheard-at-national-geographic/id1466697207
the-clinical-entrepreneur-091108,The Clinical Entrepreneur,Ronda Nelson,entrepreneurship,Entrepreneurship,Business,100,weekly,2026-04-28,true,false,false,false,43,2026-07-16,https://podcasts.apple.com/us/podcast/the-clinical-entrepreneur/id1520091108
the-from-scratch-podcast-business-and-marketing-strategy-for-925552,The From Scratch Podcast | Business and Marketing Strategy for Entrepreneurs,Kary Perry,entrepreneurship,Entrepreneurship,Marketing,31,weekly,2026-04-13,true,false,false,false,43,2026-07-16,https://podcasts.apple.com/us/podcast/the-from-scratch-podcast-business-and-marketing/id1825925552
thee-millennial-management-podcast-531342,Thee Millennial Management Podcast,"Brandi Thee Millennial Manager, Bleav",careers,Careers,Careers,190,weekly,2026-05-06,true,false,false,false,43,2026-07-16,https://podcasts.apple.com/us/podcast/thee-millennial-management-podcast/id1763531342
what-its-like-to-be-with-dan-heath-204412,What It's Like To Be... with Dan Heath,Dan Heath,careers,Careers,Careers,80,a couple of times a month,2026-07-14,true,true,false,false,43,2026-07-16,https://podcasts.apple.com/us/podcast/what-its-like-to-be-with-dan-heath/id1707204412
women-taking-the-lead-712321,Women Taking the Lead,Jodi Flynn | Leadership Development Consultant,leadership,Leadership,Careers,518,weekly,2024-05-29,false,true,false,true,43,2026-07-16,https://podcasts.apple.com/us/podcast/women-taking-the-lead/id976712321
scaling-startups-602133,Scaling Startups,Irene Ortiz-Glass,startups,Startups,Entrepreneurship,5,monthly,2024-11-21,false,true,false,true,42,2026-07-16,https://podcasts.apple.com/us/podcast/scaling-startups/id1754602133
the-ultimate-entrepreneur-277991,The Ultimate Entrepreneur,The Abraham Group,entrepreneurship,Entrepreneurship,Marketing,324,monthly,2024-07-02,false,true,false,true,42,2026-07-16,https://podcasts.apple.com/us/podcast/the-ultimate-entrepreneur/id980277991
the-new-real-estate-agent-tips-tricks-advice-building-your-b-232271,"The New Real Estate Agent: Tips, Tricks, Advice & Building Your Business",Ryan Strong,real-estate,Real Estate,How To,27,a few times a week,2022-08-19,false,false,false,true,41,2026-07-16,https://podcasts.apple.com/us/podcast/the-new-real-estate-agent-tips-tricks-advice-building/id1630232271
bloomberg-businessweek-107187,Bloomberg Businessweek,Bloomberg,business,Business,Business,2001,most weekdays,2026-07-15,true,false,true,false,40,2026-07-16,https://podcasts.apple.com/us/podcast/bloomberg-businessweek/id393107187
bloomberg-tech-767434,Bloomberg Tech,Bloomberg,technology,Technology,Tech News,1086,most weekdays,2026-07-14,true,false,true,false,40,2026-07-16,https://podcasts.apple.com/us/podcast/bloomberg-tech/id1611767434
mad-money-w-jim-cramer-247199,Mad Money w/ Jim Cramer,CNBC,finance-and-investing,Finance & Investing,Investing,2000,a few times a week,2026-07-15,true,false,true,false,40,2026-07-16,https://podcasts.apple.com/us/podcast/mad-money-w-jim-cramer/id147247199
marketing-against-the-grain-700934,Marketing Against The Grain,Hubspot Media,marketing,Marketing,Marketing,439,a few times a week,2026-07-16,true,false,true,false,40,2026-07-16,https://podcasts.apple.com/us/podcast/marketing-against-the-grain/id1616700934
morning-brew-daily-059697,Morning Brew Daily,Morning Brew,business,Business,Business,882,most weekdays,2026-07-15,true,false,true,false,40,2026-07-16,https://podcasts.apple.com/us/podcast/morning-brew-daily/id1480059697
nature-podcast-934659,Nature Podcast,Springer Nature Limited,science,Science,Science,906,a few times a week,2026-07-15,true,false,false,false,40,2026-07-16,https://podcasts.apple.com/us/podcast/nature-podcast/id81934659
on-purpose-with-jay-shetty-994021,On Purpose with Jay Shetty,iHeartPodcasts,mental-health,Mental Health,Mental Health,858,a few times a week,2026-07-15,true,false,true,false,40,2026-07-16,https://podcasts.apple.com/us/podcast/on-purpose-with-jay-shetty/id1450994021
on-the-market-086704,On The Market,BiggerPockets,real-estate,Real Estate,Investing,441,a few times a week,2026-07-14,true,false,false,false,40,2026-07-16,https://podcasts.apple.com/us/podcast/on-the-market/id1615086704
planet-money-783428,Planet Money,NPR,business,Business,Business,656,a few times a week,2026-07-15,true,false,true,false,40,2026-07-16,https://podcasts.apple.com/us/podcast/planet-money/id290783428
real-estate-bestie-436862,Real Estate Bestie,Rosemary Lewis,real-estate,Real Estate,Entrepreneurship,363,a few times a week,2026-07-15,true,false,false,false,40,2026-07-16,https://podcasts.apple.com/us/podcast/real-estate-bestie/id1642436862
science-friday-329284,Science Friday,Science Friday and WNYC Studios,science,Science,Life Sciences,1347,most weekdays,2026-07-15,true,false,true,false,40,2026-07-16,https://podcasts.apple.com/us/podcast/science-friday/id73329284
short-wave-575855,Short Wave,NPR,science,Science,Life Sciences,1908,a few times a week,2026-07-15,true,false,true,false,40,2026-07-16,https://podcasts.apple.com/us/podcast/short-wave/id1482575855
stuff-to-blow-your-mind-359306,Stuff To Blow Your Mind,iHeartPodcasts,science,Science,Life Sciences,2000,most weekdays,2026-07-15,true,false,true,false,40,2026-07-16,https://podcasts.apple.com/us/podcast/stuff-to-blow-your-mind/id350359306
techcrunch-startup-news-974783,TechCrunch Startup News,TechCrunch,startups,Startups,Technology,2007,a few times a week,2026-07-16,true,false,true,false,40,2026-07-16,https://podcasts.apple.com/us/podcast/techcrunch-startup-news/id1145974783
the-economics-of-everyday-things-678354,The Economics of Everyday Things,Freakonomics Network & Zachary Crockett,business,Business,Business,196,a few times a week,2026-07-16,true,false,true,false,40,2026-07-16,https://podcasts.apple.com/us/podcast/the-economics-of-everyday-things/id1666678354
the-ramsey-show-001367,The Ramsey Show,Ramsey Network,finance-and-investing,Finance & Investing,Investing,1776,most weekdays,2026-07-15,true,false,true,false,40,2026-07-16,https://podcasts.apple.com/us/podcast/the-ramsey-show/id77001367
the-rest-is-science-007888,The Rest Is Science,Goalhanger,science,Science,Physics,67,a few times a week,2026-07-15,true,false,true,false,40,2026-07-16,https://podcasts.apple.com/us/podcast/the-rest-is-science/id1853007888
unexplainable-578197,Unexplainable,Vox,science,Science,Life Sciences,291,a few times a week,2026-07-15,true,false,true,false,40,2026-07-16,https://podcasts.apple.com/us/podcast/unexplainable/id1554578197
wall-street-breakfast-381502,Wall Street Breakfast,Seeking Alpha,business,Business,Business News,1000,most weekdays,2026-07-15,true,false,true,false,40,2026-07-16,https://podcasts.apple.com/us/podcast/wall-street-breakfast/id1358381502
who-smarted-educational-podcast-for-kids-462141,Who Smarted? - Educational Podcast for Kids,Atomic Entertainment / Starglow Media,education,Education,Education for Kids,1260,most weekdays,2026-07-16,true,false,true,false,40,2026-07-16,https://podcasts.apple.com/us/podcast/who-smarted-educational-podcast-for-kids/id1533462141
real-estate-uncensored-real-estate-sales-marketing-training--493715,Real Estate Uncensored - Real Estate Sales & Marketing Training Podcast,Greg McDaniel & Matt Johnson - Learn How To Blend High-Tech & High-Touch Re,real-estate,Real Estate,Marketing,300,weekly,2024-04-25,false,false,false,true,39,2026-07-16,https://podcasts.apple.com/us/podcast/real-estate-uncensored-real-estate-sales-marketing/id1010493715
1-to-100-hypergrowth-startups-worth-joining-756034,"""1 to 100"" | Hypergrowth Startups Worth Joining","Turpentine, Why You Should Join",startups,Startups,Technology,12,a couple of times a month,2024-12-11,false,true,false,true,38,2026-07-16,https://podcasts.apple.com/us/podcast/1-to-100-hypergrowth-startups-worth-joining/id1762756034
business-history-409167,Business History,Pushkin Industries,business,Business,Business,34,weekly,2026-07-08,true,false,true,false,38,2026-07-16,https://podcasts.apple.com/us/podcast/business-history/id1844409167
investing-insights-128007,Investing Insights,"Morningstar, Ivanna Hampton, Sarah Hansen",finance-and-investing,Finance & Investing,Investing,203,weekly,2026-07-10,true,false,false,false,38,2026-07-16,https://podcasts.apple.com/us/podcast/investing-insights/id278128007
leading-her-introvert-way-executive-leadership-development-c-750337,Leading Her Introvert Way: Executive Leadership Development & Career Growth for Black Women,Nicole Bryan,leadership,Leadership,Careers,140,weekly,2026-07-15,true,false,false,false,38,2026-07-16,https://podcasts.apple.com/us/podcast/leading-her-introvert-way-executive-leadership-development/id1699750337
life-kit-health-494159,Life Kit: Health,NPR,health-and-fitness,Health & Fitness,Health & Fitness,256,weekly,2026-07-09,true,false,true,false,38,2026-07-16,https://podcasts.apple.com/us/podcast/life-kit-health/id1461494159
marketing-therapy-517479,Marketing Therapy,Anna Walker,marketing,Marketing,Marketing,78,weekly,2026-07-14,true,false,false,false,38,2026-07-16,https://podcasts.apple.com/us/podcast/marketing-therapy/id1815517479
master-passive-income-real-estate-investing-007222,Master Passive Income Real Estate Investing,Master Passive Income Network,real-estate,Real Estate,Investing,465,weekly,2026-07-14,true,false,true,false,38,2026-07-16,https://podcasts.apple.com/us/podcast/master-passive-income-real-estate-investing/id1374007222
money-stuff-the-podcast-582836,Money Stuff: The Podcast,Bloomberg,business,Business,Business,107,weekly,2026-07-10,true,false,true,false,38,2026-07-16,https://podcasts.apple.com/us/podcast/money-stuff-the-podcast/id1739582836
problem-solvers-289056,Problem Solvers,Entrepreneur Media,entrepreneurship,Entrepreneurship,Entrepreneurship,477,weekly,2026-07-13,true,false,true,false,38,2026-07-16,https://podcasts.apple.com/us/podcast/problem-solvers/id1265289056
psychology-unplugged-088092,Psychology Unplugged,Dr. Corey J. Nigro,mental-health,Mental Health,Mental Health,286,weekly,2026-07-12,true,false,false,false,38,2026-07-16,https://podcasts.apple.com/us/podcast/psychology-unplugged/id1547088092
radiolab-249110,Radiolab,WNYC Studios,science,Science,Natural Sciences,855,weekly,2026-07-10,true,false,true,false,38,2026-07-16,https://podcasts.apple.com/us/podcast/radiolab/id152249110
science-magazine-podcast-329020,Science Magazine Podcast,Science Magazine,science,Science,Science,649,weekly,2026-07-09,true,false,true,false,38,2026-07-16,https://podcasts.apple.com/us/podcast/science-magazine-podcast/id120329020
simple-seo-and-marketing-business-growth-organic-marketing-c-600727,"Simple SEO and Marketing, Business Growth, Organic Marketing, Copywriting, Online Business, Blogging, Content Creation","Faith Hanan Marketing Strategist, Copywriter, Christian Business Coach, Barrel Racer",marketing,Marketing,Marketing,288,weekly,2026-07-09,true,false,false,false,38,2026-07-16,https://podcasts.apple.com/us/podcast/simple-seo-and-marketing-business-growth-organic/id1625600727
so-this-is-fitness-health-fitness-running-weight-loss-769801,"So THIS Is Fitness | Health, Fitness, Running & Weight Loss",Darrell McTague - Certified Health Coach | Weight Loss Success Story | Ultr,health-and-fitness,Health & Fitness,Alternative Health,110,a couple of times a month,2019-11-10,false,true,false,true,38,2026-07-16,https://podcasts.apple.com/us/podcast/so-this-is-fitness-health-fitness-running-weight-loss/id1185769801
startups-in-stilettos-365761,Startups in Stilettos,Entreprenista Network,startups,Startups,Entrepreneurship,225,weekly,2026-07-14,true,false,true,false,38,2026-07-16,https://podcasts.apple.com/us/podcast/startups-in-stilettos/id1611365761
tech-life-996636,Tech Life,BBC World Service,technology,Technology,Technology,363,weekly,2026-07-14,true,false,true,false,38,2026-07-16,https://podcasts.apple.com/us/podcast/tech-life/id802996636
ted-radio-hour-121474,TED Radio Hour,NPR,technology,Technology,Technology,389,weekly,2026-07-10,true,false,true,false,38,2026-07-16,https://podcasts.apple.com/us/podcast/ted-radio-hour/id523121474
the-millionaire-real-estate-agent-the-mrea-podcast-458115,The Millionaire Real Estate Agent | The MREA Podcast,Keller Podcast Network,real-estate,Real Estate,Entrepreneurship,141,weekly,2026-07-13,true,false,true,false,38,2026-07-16,https://podcasts.apple.com/us/podcast/the-millionaire-real-estate-agent-the-mrea-podcast/id1712458115
the-russell-brunson-show-130618,The Russell Brunson Show,Russell Brunson | YAP Media,marketing,Marketing,Marketing,861,weekly,2026-07-13,true,false,true,false,38,2026-07-16,https://podcasts.apple.com/us/podcast/the-russell-brunson-show/id1315130618
the-uncommon-career-job-search-career-coaching-for-mid-caree-253669,The Uncommon Career: Job Search & Career Coaching for Mid-career Women,Patricia Ortega | Christian | Career Coach | Brand Strategist,careers,Careers,Careers,163,weekly,2026-07-14,true,false,false,false,38,2026-07-16,https://podcasts.apple.com/us/podcast/the-uncommon-career-job-search-career-coaching-for/id1653253669
the-inspiring-women-leadership-lab-018655,The Inspiring Women Leadership Lab,Lemonada Media,leadership,Leadership,Business,12,weekly,2024-10-17,false,true,true,true,37,2026-07-16,https://podcasts.apple.com/us/podcast/the-inspiring-women-leadership-lab/id1759018655
be-the-exception-in-special-education-065693,Be The Exception In Special Education,Dawn Ellis,education,Education,Education,292,weekly,2025-12-11,true,false,false,true,36,2026-07-16,https://podcasts.apple.com/us/podcast/be-the-exception-in-special-education/id1775065693
get-hired-with-andrew-seaman-671453,Get Hired with Andrew Seaman,LinkedIn,careers,Careers,Careers,229,weekly,2026-01-05,true,false,false,true,36,2026-07-16,https://podcasts.apple.com/us/podcast/get-hired-with-andrew-seaman/id1609671453
marketing-made-simple-923210,Marketing Made Simple,StoryBrand.com,marketing,Marketing,Marketing,237,weekly,2025-09-24,true,false,false,true,36,2026-07-16,https://podcasts.apple.com/us/podcast/marketing-made-simple/id1569923210
perform-with-dr-andy-galpin-022545,Perform with Dr. Andy Galpin,Scicomm Media,health-and-fitness,Health & Fitness,Fitness,29,monthly,2026-07-08,true,false,true,false,36,2026-07-16,https://podcasts.apple.com/us/podcast/perform-with-dr-andy-galpin/id1725022545
the-best-idea-yet-686997,The Best Idea Yet,Audible,business,Business,Business,52,weekly,2025-09-30,true,false,false,true,36,2026-07-16,https://podcasts.apple.com/us/podcast/the-best-idea-yet/id1772686997
the-brand-builders-playbook-721633,The Brand Builder's Playbook,BERA.ai and vYve,marketing,Marketing,Marketing,9,weekly,2025-12-02,true,false,false,true,36,2026-07-16,https://podcasts.apple.com/us/podcast/the-brand-builders-playbook/id1844721633
the-bootstrap-building-startups-from-scratch-915679,The Bootstrap - Building Startups from Scratch,The Product Bus,startups,Startups,Entrepreneurship,75,a couple of times a month,2026-02-22,true,true,false,false,35,2026-07-16,https://podcasts.apple.com/us/podcast/the-bootstrap-building-startups-from-scratch/id1709915679
the-everyday-entrepreneur-podcast-621752,The Everyday Entrepreneur Podcast,Holly Knoll,entrepreneurship,Entrepreneurship,Entrepreneurship,85,a couple of times a month,2025-11-25,true,true,false,true,35,2026-07-16,https://podcasts.apple.com/us/podcast/the-everyday-entrepreneur-podcast/id1514621752
confidently-you-women-in-leadership-233272,Confidently You: Women in Leadership,Rebecca Malotke-Meslin &  Lynne Macziewski,leadership,Leadership,Self-Improvement,33,monthly,2026-03-26,true,false,false,false,34,2026-07-16,https://podcasts.apple.com/us/podcast/confidently-you-women-in-leadership/id1649233272
live-your-personal-best-workout-motivation-and-routine-build-530142,Live Your Personal Best  -  Workout Motivation and Routine Building For Current and Former Athletes,"Emily Coffman | Former Athlete, College Health Tips, Food Freedom",health-and-fitness,Health & Fitness,Fitness,192,a couple of times a month,2023-05-22,false,false,false,true,34,2026-07-16,https://podcasts.apple.com/us/podcast/live-your-personal-best-workout-motivation-and/id1517530142
economics-explained-223574,Economics Explained,Economics Explained,business,Business,Business,291,a couple of times a month,2026-07-13,true,false,false,false,33,2026-07-16,https://podcasts.apple.com/us/podcast/economics-explained/id1524223574
education-excellence-749309,Education Excellence,Michael Levin-Epstein,education,Education,Education,44,monthly,2026-01-08,true,false,false,true,33,2026-07-16,https://podcasts.apple.com/us/podcast/education-excellence/id1449749309
everyone-hates-marketers-no-bs-marketing-brand-strategy-podc-256195,Everyone Hates Marketers | No-BS Marketing & Brand Strategy Podcast,Louis Grenier | Marketing & Branding,marketing,Marketing,Marketing,310,weekly,2024-05-21,false,false,false,true,33,2026-07-16,https://podcasts.apple.com/us/podcast/everyone-hates-marketers-no-bs-marketing-brand-strategy/id1221256195
hbr-on-leadership-948659,HBR On Leadership,Harvard Business Review,business,Business,Management,168,weekly,2026-06-24,true,false,true,false,33,2026-07-16,https://podcasts.apple.com/us/podcast/hbr-on-leadership/id1683948659
life-coaching-for-men-905920,Life Coaching for Men,Dr. Darin Wilson,self-improvement,Self-Improvement,Self-Improvement,170,weekly,2023-08-24,false,false,false,true,33,2026-07-16,https://podcasts.apple.com/us/podcast/life-coaching-for-men/id1518905920
mid-career-change-281810,Mid-Career Change,Mark Crossfield,careers,Careers,Careers,150,a couple of times a month,2026-07-15,true,false,false,false,33,2026-07-16,https://podcasts.apple.com/us/podcast/mid-career-change/id1732281810
mindfulness-for-beginners-806566,Mindfulness For Beginners,Shaun Donaghy,mental-health,Mental Health,Mental Health,261,weekly,2024-10-08,false,false,false,true,33,2026-07-16,https://podcasts.apple.com/us/podcast/mindfulness-for-beginners/id1493806566
science-vs-557000,Science Vs,Spotify Studios,science,Science,Science,337,weekly,2026-07-02,true,false,true,false,33,2026-07-16,https://podcasts.apple.com/us/podcast/science-vs/id1051557000
seth-godins-startup-school-985370,Seth Godin's Startup School,Earwolf & Seth Godin,startups,Startups,Business,15,weekly,2013-01-07,false,false,false,true,33,2026-07-16,https://podcasts.apple.com/us/podcast/seth-godins-startup-school/id566985370
startup-therapy-325643,Startup Therapy,Startups.com,startups,Startups,Business,339,a couple of times a month,2026-07-14,true,false,false,false,33,2026-07-16,https://podcasts.apple.com/us/podcast/startup-therapy/id1450325643
the-unapologetic-entrepreneur-751874,The Unapologetic Entrepreneur,"Hosted By: Amanda McKinney | Inspired By: Mel Robbins, Brene Brown, Steven Bartlett, Andrew Huberman",entrepreneurship,Entrepreneurship,Entrepreneurship,265,weekly,2024-10-14,false,false,false,true,33,2026-07-16,https://podcasts.apple.com/us/podcast/the-unapologetic-entrepreneur/id1473751874
remove-the-guesswork-health-fitness-and-wellbeing-for-busy-p-679322,"Remove the Guesswork: Health, Fitness and Wellbeing for Busy Professionals","Leanne Spencer - Health, Fitness and Wellbeing Expert",health-and-fitness,Health & Fitness,Fitness,299,a couple of times a month,2022-03-27,false,false,false,true,32,2026-07-16,https://podcasts.apple.com/us/podcast/remove-the-guesswork-health-fitness-and-wellbeing/id1258679322
mental-health-unscripted-724062,Mental Health Unscripted,"Iyana Anderson, LSW",mental-health,Mental Health,Mental Health,25,a couple of times a month,2026-02-08,true,false,false,false,31,2026-07-16,https://podcasts.apple.com/us/podcast/mental-health-unscripted/id1764724062
no-one-knows-what-theyre-doing-849219,No One Knows What They're Doing,Erin McGoff,careers,Careers,Careers,26,a couple of times a month,2025-06-21,true,false,false,true,31,2026-07-16,https://podcasts.apple.com/us/podcast/no-one-knows-what-theyre-doing/id1729849219
brave-and-purposeful-leadership-with-alexandra-young-349606,Brave and Purposeful Leadership with Alexandra Young,Alexandra Young,leadership,Leadership,Business,18,monthly,2024-05-20,false,false,false,true,30,2026-07-16,https://podcasts.apple.com/us/podcast/brave-and-purposeful-leadership-with-alexandra-young/id1636349606
start-small-in-womens-health-fitness-and-lifestyle-901507,"Start Small in Women's Health, Fitness, and Lifestyle",Lecia Fox,health-and-fitness,Health & Fitness,Health & Fitness,67,monthly,2026-06-17,true,false,false,false,30,2026-07-16,https://podcasts.apple.com/us/podcast/start-small-in-womens-health-fitness-and-lifestyle/id1594901507
traction-how-startups-start-nextview-ventures-228163,Traction: How Startups Start | NextView Ventures,NextView Ventures,startups,Startups,Business,59,monthly,2024-03-04,false,false,false,true,30,2026-07-16,https://podcasts.apple.com/us/podcast/traction-how-startups-start-nextview-ventures/id989228163
hard-fork-594034,Hard Fork,The New York Times,technology,Technology,Technology,203,monthly,2026-07-10,true,false,true,false,29,2026-07-16,https://podcasts.apple.com/us/podcast/hard-fork/id1528594034
the-leadership-playbook-290162,The Leadership Playbook,Albers School of Business and Economics,leadership,Leadership,Careers,35,monthly,2026-07-15,true,false,false,false,29,2026-07-16,https://podcasts.apple.com/us/podcast/the-leadership-playbook/id1535290162
creator-club-social-media-marketing-content-creation-056807,Creator Club | Social Media Marketing & Content Creation,Katie Steckly,marketing,Marketing,Marketing,189,a couple of times a month,2024-10-29,false,false,false,true,28,2026-07-16,https://podcasts.apple.com/us/podcast/creator-club-social-media-marketing-content-creation/id1490056807
duolingo-spanish-podcast-493077,Duolingo Spanish Podcast,Duolingo,education,Education,Education,170,a couple of times a month,2024-02-29,false,false,false,true,28,2026-07-16,https://podcasts.apple.com/us/podcast/duolingo-spanish-podcast/id1317493077
philosophy-for-beginners-704095,Philosophy for Beginners,Oxford University,education,Education,Education,5,a couple of times a month,2009-01-09,false,false,false,true,28,2026-07-16,https://podcasts.apple.com/us/podcast/philosophy-for-beginners/id381704095
teaching-reading-writing-306760,Teaching Reading & Writing,Literacy Research Center & Clinic,education,Education,Education,10,a couple of times a month,2022-05-16,false,false,false,true,28,2026-07-16,https://podcasts.apple.com/us/podcast/teaching-reading-writing/id1600306760
the-better-you-personal-growth-and-self-improvement-with-an--094640,The Better You - Personal growth and Self-improvement with an open mind approach,Puya Delavar,self-improvement,Self-Improvement,Self-Improvement,6,a couple of times a month,2023-11-02,false,false,false,true,28,2026-07-16,https://podcasts.apple.com/us/podcast/the-better-you-personal-growth-and-self-improvement/id1709094640
zero-to-seven-figures-entrepreneur-podcast-entrepreneur-tips-761080,Zero to Seven Figures Entrepreneur Podcast - Entrepreneur Tips & Entrepreneur Tactics,Entrepreneur,business,Business,Business,99,a couple of times a month,2019-10-01,false,false,false,true,28,2026-07-16,https://podcasts.apple.com/us/podcast/zero-to-seven-figures-entrepreneur-podcast-entrepreneur/id1362761080
career-switch-podcast-expert-advice-for-your-career-change-395823,Career Switch Podcast: Expert advice for your career change,Lixandra Urresta,careers,Careers,Careers,61,monthly,2025-11-11,true,false,false,true,27,2026-07-16,https://podcasts.apple.com/us/podcast/career-switch-podcast-expert-advice-for-your-career-change/id1559395823
education-research-reading-room-068608,Education Research Reading Room,"Ollie Lovell: Teacher, author, podcaster, blogger, PhD candidate. @ollie_lovell",education,Education,Education for Kids,121,monthly,2026-02-27,true,false,false,false,27,2026-07-16,https://podcasts.apple.com/us/podcast/education-research-reading-room/id1200068608
ironheart-coaching-focusing-on-mens-health-fitness-and-welln-354432,"IronHeart Coaching: Focusing on Men's Health, Fitness, and Wellness",Bo Lackey,health-and-fitness,Health & Fitness,Health & Fitness,33,monthly,2026-01-07,true,false,false,true,27,2026-07-16,https://podcasts.apple.com/us/podcast/ironheart-coaching-focusing-on-mens-health-fitness/id1789354432
unbothered-mastering-self-improvement-059668,Unbothered: Mastering Self-Improvement,Lauren Francisco,self-improvement,Self-Improvement,Self-Improvement,8,monthly,2025-09-24,true,false,false,true,27,2026-07-16,https://podcasts.apple.com/us/podcast/unbothered-mastering-self-improvement/id1699059668
toxic-leadership-tales-of-transformation-152939,Toxic Leadership: Tales of Transformation,Dr. Kevin Sansberry,leadership,Leadership,Careers,126,a couple of times a month,2024-12-04,false,true,false,true,26,2026-07-16,https://podcasts.apple.com/us/podcast/toxic-leadership-tales-of-transformation/id1564152939
the-art-of-leadership-daily-946951,The Art of Leadership Daily,The Art of Leadership Network,leadership,Leadership,Christianity,147,most weekdays,2022-12-30,false,true,true,true,25,2026-07-16,https://podcasts.apple.com/us/podcast/the-art-of-leadership-daily/id1625946951
blue-collar-entrepreneur-896385,Blue Collar Entrepreneur,Kyle Mosso,entrepreneurship,Entrepreneurship,Entrepreneurship,6,monthly,2023-02-05,false,false,false,true,24,2026-07-16,https://podcasts.apple.com/us/podcast/blue-collar-entrepreneur/id1611896385
joys-of-compounding-212587,Joys of Compounding,Colossus | Investing & Business Podcasts,finance-and-investing,Finance & Investing,Investing,46,monthly,2026-06-29,true,false,true,false,24,2026-07-16,https://podcasts.apple.com/us/podcast/joys-of-compounding/id1708212587
pass-the-real-estate-exam-with-prepagent-487472,Pass the Real Estate Exam with PrepAgent,PrepAgent.com,real-estate,Real Estate,Careers,91,monthly,2023-02-07,false,false,false,true,24,2026-07-16,https://podcasts.apple.com/us/podcast/pass-the-real-estate-exam-with-prepagent/id999487472
science-rules-with-bill-nye-716677,Science Rules! with Bill Nye,Stitcher & Bill Nye,science,Science,Science,151,monthly,2023-11-01,false,false,false,true,24,2026-07-16,https://podcasts.apple.com/us/podcast/science-rules-with-bill-nye/id1460716677
the-science-of-everything-podcast-427377,The Science of Everything Podcast,James Fodor,science,Science,Natural Sciences,170,monthly,2026-06-30,true,false,false,false,24,2026-07-16,https://podcasts.apple.com/us/podcast/the-science-of-everything-podcast/id385427377
women-rocking-real-estate-podcast-589194,Women Rocking Real Estate Podcast,Jen Percival,real-estate,Real Estate,Careers,74,monthly,2024-03-26,false,false,false,true,24,2026-07-16,https://podcasts.apple.com/us/podcast/women-rocking-real-estate-podcast/id1480589194
womens-mental-health-podcast-017364,Women's Mental Health Podcast,"Randi Owsley, LMSW and Jess Bullwinkle, LMFT, PMH-C",mental-health,Mental Health,Mental Health,5,monthly,2025-04-23,false,false,false,true,24,2026-07-16,https://podcasts.apple.com/us/podcast/womens-mental-health-podcast/id1639017364
over-40-freakin-awesome-mens-health-and-fitness-podcast-men--541345,Over 40: Freakin Awesome | Mens Health and Fitness Podcast | Men Over 40 Fat Loss and Muscle,Chris Davidson | Mens Fitness & Health Coach,health-and-fitness,Health & Fitness,Health & Fitness,135,weekly,2026-05-18,true,false,false,false,23,2026-07-16,https://podcasts.apple.com/us/podcast/over-40-freakin-awesome-mens-health-and-fitness/id1610541345
sciencestuff-137997,ScienceStuff,iHeartPodcasts,science,Science,Science,68,weekly,2026-05-15,true,false,true,false,23,2026-07-16,https://podcasts.apple.com/us/podcast/sciencestuff/id1800137997
the-next-wave-ai-and-the-future-of-technology-550343,The Next Wave - AI and The Future of Technology,Mindstream (Hubspot Media),technology,Technology,Business,105,weekly,2026-03-25,true,false,true,false,23,2026-07-16,https://podcasts.apple.com/us/podcast/the-next-wave-ai-and-the-future-of-technology/id1738550343
real-estate-coffee-talk-960740,Real Estate Coffee Talk,Sarah Hilton,real-estate,Real Estate,Careers,59,a couple of times a month,2025-11-19,true,true,false,true,21,2026-07-16,https://podcasts.apple.com/us/podcast/real-estate-coffee-talk/id1709960740
entrepreneur-network-podcast-054420,Entrepreneur Network Podcast,Entrepreneur Network Podcast,entrepreneurship,Entrepreneurship,Business,61,weekly,2024-10-17,false,false,true,true,19,2026-07-16,https://podcasts.apple.com/us/podcast/entrepreneur-network-podcast/id1025054420
launch-your-business-150685,Launch Your Business,Entrepreneur Media,entrepreneurship,Entrepreneurship,Entrepreneurship,74,weekly,2024-02-06,false,false,true,true,19,2026-07-16,https://podcasts.apple.com/us/podcast/launch-your-business/id1639150685
business-breakdowns-120677,Business Breakdowns,Colossus | Investing & Business Podcasts,business,Business,Investing,260,a couple of times a month,2026-05-29,true,false,true,false,18,2026-07-16,https://podcasts.apple.com/us/podcast/business-breakdowns/id1559120677
deep-in-tech-970978,Deep In Tech,with Anastasi,technology,Technology,Technology,16,a couple of times a month,2026-03-26,true,false,false,false,18,2026-07-16,https://podcasts.apple.com/us/podcast/deep-in-tech/id1829970978
overthinking-entrepreneur-296256,Overthinking Entrepreneur,Megan Brewster,entrepreneurship,Entrepreneurship,Entrepreneurship,61,a couple of times a month,2026-03-24,true,false,false,false,18,2026-07-16,https://podcasts.apple.com/us/podcast/overthinking-entrepreneur/id1726296256
resilient-leadership-869567,Resilient Leadership,"Bridgette Theurer & Irvine Nugent, Ph.D.",leadership,Leadership,Management,102,a couple of times a month,2026-05-05,true,false,false,false,18,2026-07-16,https://podcasts.apple.com/us/podcast/resilient-leadership/id1604869567
what-your-therapist-thinks-783166,What Your Therapist Thinks,Felicia Keller Boyle & Kristie Plantinga,mental-health,Mental Health,Mental Health,25,a couple of times a month,2026-05-08,true,false,false,false,18,2026-07-16,https://podcasts.apple.com/us/podcast/what-your-therapist-thinks/id1837783166
the-conscious-entrepreneur-leadership-self-awareness-mindset-478000,"The Conscious Entrepreneur | Leadership, Self-Awareness & Mindset",Sarah Lockwood | Conscious Entrepreneur,entrepreneurship,Entrepreneurship,Entrepreneurship,127,weekly,2026-02-02,true,false,false,false,16,2026-07-16,https://podcasts.apple.com/us/podcast/the-conscious-entrepreneur-leadership-self-awareness/id1708478000
daily-self-improvement-habits-198938,Daily Self-Improvement Habits,Nick Colo,self-improvement,Self-Improvement,Self-Improvement,66,a few times a week,2020-06-08,false,false,false,true,15,2026-07-16,https://podcasts.apple.com/us/podcast/daily-self-improvement-habits/id1494198938
whats-new-630029,What's New,WIRED,technology,Technology,Technology,2000,a few times a week,2024-09-05,false,false,true,true,15,2026-07-16,https://podcasts.apple.com/us/podcast/whats-new/id1143630029
founders-talk-startups-ceos-leadership-900791,"Founders Talk: Startups, CEOs, Leadership",Changelog Media,startups,Startups,Technology,105,monthly,2023-06-02,false,true,true,true,14,2026-07-16,https://podcasts.apple.com/us/podcast/founders-talk-startups-ceos-leadership/id396900791
i-should-have-learned-this-sooner-discussing-life-lessons-fo-726569,I Should Have Learned This Sooner – Discussing life lessons for self-improvement,Tim Winfred,self-improvement,Self-Improvement,Self-Improvement,27,monthly,2023-06-26,false,true,false,true,14,2026-07-16,https://podcasts.apple.com/us/podcast/i-should-have-learned-this-sooner-discussing-life-lessons/id1495726569
bring-the-good-self-improvement-motivation-self-worth-health-602524,Bring the GOOD | Self-Improvement | Motivation | Self Worth | Health | Fitness,Megan Sip,self-improvement,Self-Improvement,Self-Improvement,48,weekly,2020-05-27,false,false,false,true,13,2026-07-16,https://podcasts.apple.com/us/podcast/bring-the-good-self-improvement-motivation-self-worth/id1480602524
not-too-shabby-navigating-health-fitness-and-nutrition-with--224672,"Not Too Shabby | Navigating Health, Fitness, and Nutrition with Anorexia and Autoimmune Disease",peyton solheim,health-and-fitness,Health & Fitness,Mental Health,5,weekly,2024-04-08,false,false,false,true,13,2026-07-16,https://podcasts.apple.com/us/podcast/not-too-shabby-navigating-health-fitness-and/id1734224672
rabbit-hole-423923,Rabbit Hole,The New York Times,technology,Technology,Technology,10,weekly,2020-04-23,false,false,true,true,13,2026-07-16,https://podcasts.apple.com/us/podcast/rabbit-hole/id1507423923
black-real-estate-dialogue-181666,Black Real Estate Dialogue,Black Real Estate Dialogue,real-estate,Real Estate,Investing,101,a couple of times a month,2025-10-14,true,false,false,true,11,2026-07-16,https://podcasts.apple.com/us/podcast/black-real-estate-dialogue/id1485181666
the-bj-gaddour-podcast-mens-health-fitness-workout-nutrition-588396,The BJ Gaddour Podcast | Men's Health Fitness Workout Nutrition Lifestyle Business,BJ Gaddour,health-and-fitness,Health & Fitness,Health & Fitness,292,a couple of times a month,2025-09-06,true,false,false,true,11,2026-07-16,https://podcasts.apple.com/us/podcast/the-bj-gaddour-podcast-mens-health-fitness-workout/id1329588396
embracing-the-journey-letting-go-moving-on-self-improvement--977600,"Embracing the Journey | Letting Go, Moving On, Self Improvement, Discipleship, Calling",Shell Odum,self-improvement,Self-Improvement,Self-Improvement,49,a couple of times a month,2024-07-13,false,false,false,true,8,2026-07-16,https://podcasts.apple.com/us/podcast/embracing-the-journey-letting-go-moving-on-self/id1675977600
self-care-szn-857970,Self Care Szn.,Caitlin DeChiara,self-improvement,Self-Improvement,Self-Improvement,56,a couple of times a month,2024-07-03,false,false,false,true,8,2026-07-16,https://podcasts.apple.com/us/podcast/self-care-szn/id1661857970
wsj-secrets-of-wealthy-women-819540,WSJ Secrets of Wealthy Women,The Wall Street Journal,careers,Careers,Careers,50,a couple of times a month,2022-03-25,false,false,true,true,8,2026-07-16,https://podcasts.apple.com/us/podcast/wsj-secrets-of-wealthy-women/id1292819540
the-beginners-guide-to-the-stock-market-470200,The Beginner's Guide to the Stock Market,MyWallSt,finance-and-investing,Finance & Investing,Investing,6,,2024-03-18,false,false,false,true,6,2026-07-16,https://podcasts.apple.com/us/podcast/the-beginners-guide-to-the-stock-market/id1568470200
the-depression-diaries-574786,The Depression Diaries,The Depression Diaries,mental-health,Mental Health,Mental Health,11,monthly,2020-05-20,false,false,false,true,4,2026-07-16,https://podcasts.apple.com/us/podcast/the-depression-diaries/id1479574786
